{"last_tab":"20","webteck_theme_color":"","webteck_theme_title_typography":{"font-family":"","font-options":"","google":"1"},"webteck_theme_body_typography":{"font-family":"","font-options":"","google":"1"},"webteck_display_bcktotop":"1","webteck_custom_bcktotop":"","webteck_bcktotop_bg_color":"","webteck_bcktotop_color":"","webteck_display_preloader":"1","webteck_preloader_text":"WEBTECK","webteck_mouse_effect":"1","webteck_admin_login_logo":{"url":"","id":"","height":"","width":"","thumbnail":""},"webteck_theme_admin_custom_css":"","webteck_header_options":"1","webteck_header_select_options":"","webteck_header_topbar_switcher":"1","webteck_header_topbar_social_icon_switcher":"1","webteck_menu_topbar_location":"54 NJ-12, Flemington, United States","webteck_menu_topbar_phone":"+153-987-3657","webteck_menu_topbar_email":"info@webteck.com","webteck_menu_topbar_social_title":"Follow Us On :","webteck_header_btn_text":"Make Appointment","webteck_btn_url":"#","webteck_header_topbar_color":"","webteck_header_social_icon_color":"","webteck_search_enable":"1","webteck_cart_enable":"1","webteck_site_logo":{"url":"https:\/\/wordpress.themeholy.com\/webteck\/wp-content\/uploads\/2024\/02\/logo.svg","id":"503","height":"","width":"","thumbnail":"https:\/\/wordpress.themeholy.com\/webteck\/wp-content\/uploads\/2024\/02\/logo.svg"},"webteck_site_logo_dimensions":{"width":"","height":"","units":"px"},"webteck_site_logomargin_dimensions":{"units":"px","margin-top":"","margin-bottom":""},"webteck_text_title":"","webteck_sticky_enable":"1","webteck_menu_icon":"1","webteck_menu_icon_class":"f649","webteck_header_menu_color":"","webteck_header_menu_hover_color":"","webteck_header_submenu_color":"","webteck_header_submenu_hover_color":"","webteck_offcanvas_panel_bg":{"background-color":"","background-repeat":"","background-size":"","background-attachment":"","background-position":"","background-image":"","media":{"id":"","height":"","width":"","thumbnail":""}},"webteck_offcanvas_title_color":"","webteck_blog_sidebar":"3","webteck_blog_grid":"1","webteck_blog_page_title_switcher":"1","webteck_blog_page_title_setting":"predefine","webteck_blog_page_custom_title":"","webteck_blog_postExcerpt":"29","webteck_blog_readmore_setting":"default","webteck_blog_custom_readmore":"","webteck_blog_title_color":"","webteck_blog_title_hover_color":"","webteck_blog_contant_color":"","webteck_blog_read_more_button_color":"","webteck_blog_read_more_button_hover_color":"","webteck_blog_read_more_button_hover_color_2":"","webteck_blog_pagination_color":"","webteck_blog_pagination_active_color":"","webteck_blog_pagination_hover_color":"","webteck_blog_single_sidebar":"3","webteck_post_details_title_position":"header","webteck_post_details_custom_title":"","webteck_display_post_tags":"1","webteck_post_details_share_options":"0","webteck_post_details_author_desc_trigger":"0","webteck_post_details_post_navigation":"1","webteck_post_details_related_post":"","webteck_blog_meta_icon_color":"","webteck_blog_meta_text_color":"","webteck_blog_meta_text_hover_color":"","webteck_display_post_author":"1","webteck_display_post_date":"1","webteck_display_post_tag":"1","webteck_display_post_comment":"1","webteck_page_sidebar":"1","webteck_page_layoutopt":"1","webteck_page_title_switcher":"1","webteck_page_title_tag":"h1","webteck_allHeader_title_color":"","webteck_allHeader_bg":{"background-color":"","background-repeat":"","background-size":"","background-attachment":"","background-position":"","background-image":"https:\/\/wordpress.themeholy.com\/webteck\/wp-content\/uploads\/2024\/02\/breadcumb-bg.jpg","media":{"id":"526","height":"400","width":"1920","thumbnail":"https:\/\/wordpress.themeholy.com\/webteck\/wp-content\/uploads\/2024\/02\/breadcumb-bg-150x150.jpg"}},"webteck_shoppage_bg":{"background-color":"","background-repeat":"no-repeat","background-size":"cover","background-attachment":"","background-position":"center center","background-image":"","media":{"id":"","height":"","width":"","thumbnail":""}},"webteck_archivepage_bg":{"background-color":"","background-repeat":"","background-size":"","background-attachment":"","background-position":"","background-image":"","media":{"id":"","height":"","width":"","thumbnail":""}},"webteck_searchpage_bg":{"background-color":"","background-repeat":"","background-size":"","background-attachment":"","background-position":"","background-image":"","media":{"id":"","height":"","width":"","thumbnail":""}},"webteck_errorpage_bg":{"background-color":"","background-repeat":"","background-size":"","background-attachment":"","background-position":"","background-image":"","media":{"id":"","height":"","width":"","thumbnail":""}},"webteck_enable_breadcrumb":"1","webteck_allHeader_breadcrumbtextcolor":"","webteck_allHeader_breadcrumbtextactivecolor":"","webteck_allHeader_dividercolor":"","webteck_404_bg":{"url":"","id":"","height":"","width":"","thumbnail":""},"webteck_404_img":{"url":"","id":"","height":"","width":"","thumbnail":""},"webteck_fof_title":"Page Not Found","webteck_fof_description":"Were sorry The page you are looking for on longer exists.","webteck_fof_btn_text":"Return To Home","webteck_fof_text_color":"","webteck_fof_subtitle_color":"","webteck_fof_btn_color":"","webteck_fof_btn_hover_color":"","webteck_fof_btn_hover_color_2":"","webteck_woo_product_style":"1","webteck_woo_shoppage_sidebar":"1","webteck_woo_product_col":"4","webteck_woo_product_perpage":"12","webteck_woo_singlepage_sidebar":"1","webteck_product_details_title_position":"below","webteck_product_details_custom_title":"Shop Details","webteck_woo_relproduct_display":"1","webteck_woo_relproduct_subtitle":"Some Others Product","webteck_woo_relproduct_title":"Related products","webteck_woo_relproduct_num":"5","webteck_woo_related_product_col":"4","webteck_woo_upsellproduct_display":"1","webteck_woo_upsellproduct_num":"3","webteck_woo_upsell_product_col":"4","webteck_woo_crosssellproduct_display":"1","webteck_woo_crosssellproduct_num":"3","webteck_woo_crosssell_product_col":"4","webteck_gallery_image_widget":[{"title":"","url":"","sort":"0","attachment_id":"","image":"","height":"","width":"","thumb":""}],"webteck_subscribe_apikey":"","webteck_subscribe_listid":"","webteck_social_links":[{"title":"fab fa-facebook-f","description":"","url":"facebook.com","sort":"0","attachment_id":"","image":"","height":"","width":"","thumb":""},{"title":"fab fa-twitter","description":"","url":"twitter.com","sort":"1","attachment_id":"","image":"","height":"","width":"","thumb":""},{"title":"fab fa-linkedin-in","description":"","url":"linkedin.com","sort":"2","attachment_id":"","image":"","height":"","width":"","thumb":""},{"title":"fab fa-instagram","description":"","url":"instagram.com","sort":"3","attachment_id":"","image":"","height":"","width":"","thumb":""},{"title":"fab fa-youtube","description":"","url":"youtube.com","sort":"4","attachment_id":"","image":"","height":"","width":"","thumb":""}],"webteck_footer_builder_trigger":"prebuilt","webteck_footer_builder_select":"","webteck_footerwidget_enable":"1","webteck_footer_background":{"background-color":"","background-repeat":"","background-size":"","background-attachment":"","background-position":"","background-image":"","media":{"id":"","height":"","width":"","thumbnail":""}},"webteck_footer_shape_1":{"url":"https:\/\/wordpress.themeholy.com\/webteck\/wp-content\/uploads\/2024\/02\/footer_shape_2.svg","id":"3085","height":"","width":"","thumbnail":"https:\/\/wordpress.themeholy.com\/webteck\/wp-content\/uploads\/2024\/02\/footer_shape_2.svg"},"webteck_footer_shape_2":"1","webteck_footer_widget_title_color":"","webteck_footer_top_active":"1","webteck_footer_logo":{"url":"https:\/\/wordpress.themeholy.com\/webteck\/wp-content\/uploads\/2024\/02\/logo-white.svg","id":"507","height":"","width":"","thumbnail":"https:\/\/wordpress.themeholy.com\/webteck\/wp-content\/uploads\/2024\/02\/logo-white.svg"},"footer_contact_phone_label":"Quick Call Us:","footer_contact_phone_number":"+190-8800-0393","footer_contact_email_label":"Mail Us On:","footer_contact_email":"info@webteck.com","footer_contact_location_label":"Visit Location:","footer_contact_location":"54 Flemington, USA","footer_contact_location_url":"https:\/\/www.google.com\/maps","webteck_footer_widget_anchor_color":"","webteck_footer_widget_anchor_hov_color":"","webteck_disable_footer_bottom":"1","webteck_footer_bottom_background":"#1b1b1b","webteck_copyright_text":"Copyright <i class=\"fal fa-copyright\"><\/i> 2024 <a href=\"#\">Webteck.<\/a> All Rights Reserved by <a href=\"https:\/\/angfuzsoft.com\/\">Themeholy<\/a>","webteck_footer_copyright_color":"","webteck_footer_copyright_acolor":"","webteck_footer_copyright_a_hover_color":"","webteck_css_editor":".elementor-widget-tragashapeimage {\r\n    position: static;\r\n}\r\n.woocommerce-message.updated {\r\n    display: none;\r\n}\r\n\r\n.blog-grid .blog-line {\r\n    background-color: #a5a9b3 !important;\r\n}\r\n.blog-grid3.style2 {\r\n    height: 100%;\r\n}","customize-selected-changeset-status-control-input-79":"publish","screenoptionnonce":"ef0facc3b3","_customize-radio-show_on_front":"page","_customize-dropdown-pages-page_on_front":"316","_customize-dropdown-pages-page_for_posts":"3111","woocommerce_thumbnail_cropping":"1:1","redux-backup":1}