{"webteck-blog-sidebar":{"block-9":{"content":"<!-- wp:search {\"label\":\"Search\",\"showLabel\":false,\"buttonText\":\"Search\",\"buttonPosition\":\"button-inside\",\"buttonUseIcon\":true,\"className\":\"widget_search   \"} \/-->"},"block-10":{"content":"<!-- wp:group {\"className\":\"widget_categories  \",\"layout\":{\"type\":\"constrained\"}} -->\n<div class=\"wp-block-group widget_categories\"><!-- wp:heading {\"level\":3,\"className\":\"widget_title\"} -->\n<h3 class=\"wp-block-heading widget_title\">Categories<\/h3>\n<!-- \/wp:heading -->\n\n<!-- wp:categories \/--><\/div>\n<!-- \/wp:group -->"},"webteck_recent_posts_widget-3":{"title":"Recent Posts","post_count":"4","show_date":true}},"webteck-page-sidebar":{"block-11":{"content":"<!-- wp:group --><div class=\"wp-block-group\"><!-- wp:heading --><h2>Archives<\/h2><!-- \/wp:heading --><!-- wp:archives \/--><\/div><!-- \/wp:group -->"},"block-12":{"content":"<!-- wp:group --><div class=\"wp-block-group\"><!-- wp:heading --><h2>Categories<\/h2><!-- \/wp:heading --><!-- wp:categories \/--><\/div><!-- \/wp:group -->"}},"webteck-footer-1":{"webteck_aboutus_widget-1":{"title":"ABOUT COMPANY","about_us":"Professionally redefine transparent ROI through low-risk high-yield imperatives. Progressively create empowered. cost effective users via team driven.","social_icon":true}},"webteck-footer-2":{"nav_menu-1":{"title":"QUICK LINKS","nav_menu":"51"},"nav_menu-3":{"title":"QUICK LINKS","nav_menu":53}},"webteck-footer-3":{"nav_menu-2":{"title":"IT SERVICES","nav_menu":"52"},"nav_menu-4":{"title":"IT SERVICES","nav_menu":54}},"webteck-footer-4":{"webteck_recent_posts_widget-2":{"title":"RECENT POSTS","post_count":"2","show_date":true}},"webteck-offcanvas":{"webteck_aboutus_widget-2":{"title":"About Company","about_us":"Professionally redefine transparent ROI through low-risk high-yield imperatives. Progressively create empowered. cost effective users via team driven.","social_icon":true},"block-13":{"content":"<!-- wp:group {\"className\":\"footer-widget\",\"layout\":{\"type\":\"constrained\"}} -->\n<div class=\"wp-block-group footer-widget\"><!-- wp:legacy-widget {\"idBase\":\"webteck_recent_posts_widget\",\"instance\":{\"encoded\":\"YTozOntzOjU6InRpdGxlIjtzOjEyOiJSZWNlbnQgUG9zdHMiO3M6MTA6InBvc3RfY291bnQiO3M6MToiMiI7czo5OiJzaG93X2RhdGUiO2I6MTt9\",\"hash\":\"3c1186c9fb42ad054ef6f9acf80e7cad\"}} \/--><\/div>\n<!-- \/wp:group -->"},"block-14":{"content":"<div class=\"widget footer-widget\">\n<h3 class=\"widget_title\">Get in touch!<\/h3>\n<div class=\"newsletter-widget\">\n    <p class=\"footer-text\">Subsrcibe to our upcoming latest article and news resources. Sign up today for hints. tips and the latest product news.<\/p>\n    <form action=\"#\" class=\"newsletter-form\">\n        <div class=\"form-group\">\n            <input class=\"form-control\" type=\"email\" placeholder=\"Enter email address\" required=\"\">\n        <\/div>\n        <button type=\"submit\" class=\"icon-btn\"><i class=\"fa-solid fa-paper-plane\"><\/i><\/button>\n    <\/form>\n<\/div>\n<\/div>"}},"webteck-woo-sidebar":{"block-15":{"content":"<!-- wp:heading {\"level\":5} -->\n<h5 class=\"wp-block-heading\">Add Widgets<\/h5>\n<!-- \/wp:heading -->"}}}